category,Value11,value21
home,2991,9266
metro,27,15
train,2153,839
bus,1612,925
taxi,89,70
motorcycle,356,234
carDriver,17111,14254
carPassenger,1502,1079
bicycle,1095,892
foot,2285,1938
other,135,313
noWork,14504,34719
home,6025,10757
metro,22,17
train,374,196
bus,1730,992
taxi,106,92
motorcycle,228,129
carDriver,27790,24859
carPassenger,3415,2036
bicycle,694,407
foot,5496,4328
other,196,422
noWork,24902,51919
home,5697,15225
metro,67,27
train,664,201
bus,2375,1458
taxi,163,153
motorcycle,577,313
carDriver,40210,35212
carPassenger,3346,2430
bicycle,796,543
foot,5297,4180
other,189,429
noWork,31177,66035
home,8436,18060
metro,86,52
train,2972,1270
bus,1622,1264
taxi,214,216
motorcycle,585,380
carDriver,41037,39949
carPassenger,4095,3823
bicycle,2435,2014
foot,5620,5342
other,341,820
noWork,38628,91698
home,4177,11460
metro,1144,545
train,588,258
bus,2907,1724
taxi,213,419
motorcycle,485,275
carDriver,35904,35311
carPassenger,3500,3005
bicycle,1109,841
foot,5056,4070
other,253,524
noWork,32701,67870
home,7206,19120
metro,90,83
train,3591,1575
bus,1481,1177
taxi,130,152
motorcycle,368,221
carDriver,34627,32389
carPassenger,3069,2552
bicycle,1438,1186
foot,5307,4533
other,239,626
noWork,26706,69132
home,5776,13171
metro,77,32
train,1433,347
bus,915,282
taxi,74,73
motorcycle,272,184
carDriver,27049,23542
carPassenger,1856,1407
bicycle,820,499
foot,3783,3055
other,195,368
noWork,20825,49384
home,4740,19572
metro,16011,15301
train,9060,8660
bus,9215,9690
taxi,334,542
motorcycle,615,599
carDriver,27360,30732
carPassenger,2086,2392
bicycle,1064,1218
foot,4420,4464
other,312,1416
noWork,52351,124280
home,20968,79628
metro,43280,20758
train,9630,4690
bus,19677,15090
taxi,676,872
motorcycle,1777,1197
carDriver,58404,46797
carPassenger,3460,3169
bicycle,2368,2162
foot,9551,9361
other,867,2451
noWork,87785,203170
home,7945,22340
metro,115,37
train,2037,904
bus,6467,4733
taxi,455,699
motorcycle,823,432
carDriver,67465,66305
carPassenger,7487,6962
bicycle,712,738
foot,9700,7575
other,373,956
noWork,66826,132892
home,2009,6051
metro,33,5
train,515,250
bus,1593,937
taxi,426,387
motorcycle,542,366
carDriver,16727,15685
carPassenger,2277,1755
bicycle,1620,1030
foot,5302,4403
other,213,313
noWork,19846,36224
home,6482,27225
metro,556,707
train,13425,4967
bus,2757,1846
taxi,684,802
motorcycle,578,386
carDriver,45388,41731
carPassenger,4515,3818
bicycle,1412,1057
foot,6878,5498
other,331,976
noWork,42789,98560
home,10042,38057
metro,118,58
train,4572,1396
bus,3744,2156
taxi,217,367
motorcycle,545,358
carDriver,56324,41928
carPassenger,4332,3447
bicycle,1886,1394
foot,8015,7036
other,327,776
noWork,33121,88181
home,5525,10741
metro,35,25
train,583,268
bus,1228,694
taxi,145,170
motorcycle,374,240
carDriver,34984,33983
carPassenger,3546,3148
bicycle,1320,1035
foot,4873,4144
other,201,468
noWork,30491,62889
home,10624,34611
metro,118,62
train,2882,629
bus,5380,3063
taxi,197,235
motorcycle,876,522
carDriver,44498,35753
carPassenger,3813,2637
bicycle,2451,1713
foot,13636,9848
other,383,742
noWork,45692,103597
home,7921,28568
metro,97,106
train,3443,1352
bus,3140,1782
taxi,319,1102
motorcycle,416,356
carDriver,45554,42890
carPassenger,4361,4403
bicycle,2866,2529
foot,7360,6935
other,333,842
noWork,37954,94360
home,8560,40692
metro,2724,2838
train,27039,12164
bus,9553,7763
taxi,839,688
motorcycle,1424,767
carDriver,49278,42503
carPassenger,3287,2919
bicycle,1274,995
foot,5712,5258
other,469,1396
noWork,55755,128489
home,32837,114058
metro,1327,977
train,19222,9220
bus,71361,43123
taxi,2791,6673
motorcycle,1938,1118
carDriver,223632,202963
carPassenger,22116,21557
bicycle,6458,5741
foot,40042,31483
other,1967,5505
noWork,336561,702501
home,4795,15526
metro,30,23
train,357,134
bus,2468,998
taxi,102,196
motorcycle,354,185
carDriver,33359,28981
carPassenger,2465,1968
bicycle,1306,881
foot,2894,2181
other,146,373
noWork,20282,51480
home,4930,12388
metro,42,32
train,956,522
bus,3240,1568
taxi,1097,2120
motorcycle,315,196
carDriver,36700,35313
carPassenger,4916,4279
bicycle,592,445
foot,7460,6018
other,275,677
noWork,43894,91181
home,6173,12013
metro,40,262
train,512,321
bus,5174,3381
taxi,565,948
motorcycle,551,333
carDriver,32816,29376
carPassenger,4578,3481
bicycle,1916,1375
foot,8705,7004
other,389,868
noWork,42394,81674
home,1660,4036
metro,16,8
train,217,137
bus,855,437
taxi,154,142
motorcycle,149,113
carDriver,19640,19735
carPassenger,2778,2129
bicycle,134,118
foot,2574,1746
other,114,198
noWork,23518,38105
home,2855,6884
metro,59,17
train,247,135
bus,1614,865
taxi,111,195
motorcycle,287,193
carDriver,23758,24349
carPassenger,2397,2161
bicycle,272,250
foot,2780,2714
other,131,337
noWork,21434,42173
home,10086,29568
metro,274,181
train,4384,1618
bus,8200,4778
taxi,1537,2583
motorcycle,792,425
carDriver,76681,67803
carPassenger,8189,6830
bicycle,1261,1057
foot,11435,9226
other,528,1370
noWork,77356,170525
home,2831,3558
metro,12,27
train,92,77
bus,632,522
taxi,119,166
motorcycle,239,143
carDriver,18492,20491
carPassenger,3471,4154
bicycle,1976,1408
foot,2783,2748
other,160,337
noWork,16499,36871
home,9111,55150
metro,135,133
train,1467,1030
bus,7685,8312
taxi,290,574
motorcycle,989,1492
carDriver,49577,89083
carPassenger,4396,6898
bicycle,4169,5984
foot,10919,15391
other,448,1985
noWork,48388,214164
home,6875,26512
metro,109,68
train,2858,976
bus,1201,733
taxi,187,242
motorcycle,478,287
carDriver,41113,30194
carPassenger,2803,2160
bicycle,1360,912
foot,4602,3755
other,328,557
noWork,21202,58210
home,19312,55396
metro,261,131
train,10909,4160
bus,19595,10377
taxi,2502,5915
motorcycle,1027,527
carDriver,124104,109677
carPassenger,15300,12631
bicycle,1681,1525
foot,23175,18230
other,1071,2568
noWork,147280,325274
home,8511,21933
metro,196,137
train,6120,1698
bus,1619,847
taxi,229,224
motorcycle,446,295
carDriver,45715,41638
carPassenger,3540,2798
bicycle,1070,792
foot,6468,5241
other,286,682
noWork,32518,78984
home,7477,14404
metro,47,23
train,474,214
bus,1273,732
taxi,202,171
motorcycle,498,313
carDriver,39923,39172
carPassenger,3679,3136
bicycle,1574,1188
foot,5852,5575
other,302,711
noWork,32875,75838
home,12856,48987
metro,41392,24200
train,10081,8267
bus,25922,21439
taxi,376,886
motorcycle,1512,1801
carDriver,38202,34917
carPassenger,2820,3220
bicycle,3699,4074
foot,9877,11000
other,724,2206
noWork,86265,178819
home,4094,16784
metro,653,539
train,8181,2471
bus,644,370
taxi,200,178
motorcycle,230,131
carDriver,18041,14189
carPassenger,1190,867
bicycle,320,178
foot,2550,1815
other,148,379
noWork,16708,39146
home,4813,14375
metro,46,24
train,1474,655
bus,1722,939
taxi,364,355
motorcycle,313,225
carDriver,42315,39608
carPassenger,4470,3131
bicycle,503,380
foot,4967,3776
other,272,516
noWork,41546,81504
home,17356,59495
metro,351,158
train,13814,3539
bus,18563,9946
taxi,486,539
motorcycle,1035,931
carDriver,48846,34893
carPassenger,4754,3085
bicycle,6635,5282
foot,27242,19855
other,741,1567
noWork,70969,137812
home,17841,92026
metro,272,115
train,3931,1650
bus,19830,14617
taxi,575,999
motorcycle,2330,1545
carDriver,99695,78915
carPassenger,10039,7329
bicycle,15768,12466
foot,38832,26730
other,882,2120
noWork,111511,233955
home,6724,18934
metro,62,30
train,572,164
bus,3289,1220
taxi,145,165
motorcycle,814,394
carDriver,40878,34889
carPassenger,2918,1961
bicycle,2390,1422
foot,3320,2716
other,429,695
noWork,28764,69132
home,15799,75511
metro,4816,3146
train,45418,15214
bus,11115,8069
taxi,720,593
motorcycle,1630,966
carDriver,57095,45304
carPassenger,3247,2852
bicycle,2190,1784
foot,8708,7029
other,630,1654
noWork,71171,167869
home,5759,16436
metro,38,23
train,1868,647
bus,1067,370
taxi,113,180
motorcycle,237,119
carDriver,31754,25194
carPassenger,2013,1505
bicycle,471,287
foot,2798,2178
other,133,348
noWork,21556,51896
home,3904,14218
metro,1145,977
train,5469,2608
bus,1340,997
taxi,460,314
motorcycle,384,234
carDriver,27638,23586
carPassenger,2053,1613
bicycle,593,518
foot,3033,2686
other,203,554
noWork,21377,50701
home,4688,17302
metro,369,725
train,755,244
bus,4974,1993
taxi,114,176
motorcycle,453,211
carDriver,32280,24367
carPassenger,2483,1755
bicycle,2220,1341
foot,4672,3378
other,177,426
noWork,28388,59024
home,2941,6738
metro,20,16
train,238,193
bus,3170,1631
taxi,316,1143
motorcycle,212,112
carDriver,23316,22418
carPassenger,2991,2568
bicycle,397,403
foot,4375,4434
other,157,376
noWork,25243,54612
home,7689,26579
metro,4234,2163
train,523,250
bus,5671,2864
taxi,690,1156
motorcycle,455,236
carDriver,55361,43946
carPassenger,4819,3575
bicycle,1176,928
foot,7094,5907
other,324,879
noWork,46651,105369
home,5347,18473
metro,40,17
train,2950,1190
bus,2971,1680
taxi,302,360
motorcycle,411,288
carDriver,53239,46223
carPassenger,6004,4229
bicycle,475,394
foot,5469,4038
other,280,547
noWork,53462,98513
home,9506,27280
metro,80,49
train,3139,1158
bus,8075,3740
taxi,498,1110
motorcycle,605,286
carDriver,57705,46448
carPassenger,6044,4332
bicycle,877,665
foot,9763,7430
other,353,887
noWork,52121,113250
home,6417,32113
metro,130,85
train,2760,806
bus,3800,2515
taxi,188,423
motorcycle,490,373
carDriver,17879,13485
carPassenger,1628,1530
bicycle,17257,11836
foot,8653,6858
other,235,572
noWork,38846,75076
home,14366,58110
metro,35908,10351
train,6783,2852
bus,15476,6532
taxi,691,733
motorcycle,1157,546
carDriver,9984,7074
carPassenger,758,510
bicycle,6721,3993
foot,16420,10620
other,702,1190
noWork,64867,107625
home,3753,9529
metro,20,7
train,801,421
bus,1471,591
taxi,167,266
motorcycle,367,220
carDriver,33305,31258
carPassenger,3215,2737
bicycle,635,432
foot,3611,3035
other,131,381
noWork,24798,51642
home,7592,20109
metro,176,105
train,3252,1537
bus,3197,1906
taxi,170,210
motorcycle,433,259
carDriver,36080,30603
carPassenger,3106,2493
bicycle,1750,1105
foot,9626,7145
other,238,693
noWork,46247,91265
home,11998,57855
metro,196,101
train,5197,1962
bus,15947,7568
taxi,675,1018
motorcycle,655,453
carDriver,86767,64333
carPassenger,8003,5581
bicycle,5791,4664
foot,23644,15381
other,741,1523
noWork,100654,201869
home,5464,10187
metro,30,19
train,304,195
bus,3691,1791
taxi,174,200
motorcycle,294,146
carDriver,30673,29906
carPassenger,3377,2449
bicycle,1390,1188
foot,8245,6347
other,232,521
noWork,25657,57074
home,11630,19243
metro,58,39
train,778,361
bus,1630,879
taxi,206,304
motorcycle,422,241
carDriver,53340,50785
carPassenger,5247,3790
bicycle,615,463
foot,6369,5138
other,385,706
noWork,52250,105946
home,3625,11672
metro,162,122
train,5624,1839
bus,1430,808
taxi,223,165
motorcycle,325,203
carDriver,24984,21646
carPassenger,1894,1536
bicycle,631,422
foot,2352,2142
other,193,455
noWork,23183,48581
home,14781,52153
metro,271,205
train,8165,3042
bus,2585,1560
taxi,249,373
motorcycle,831,470
carDriver,87245,76820
carPassenger,5891,4976
bicycle,2058,1505
foot,9554,8754
other,431,1219
noWork,54597,143175
home,6780,9524
metro,32,21
train,125,65
bus,910,394
taxi,98,91
motorcycle,148,102
carDriver,17917,15398
carPassenger,1652,1000
bicycle,361,269
foot,4266,3007
other,157,251
noWork,24959,41356
home,7925,25638
metro,84,57
train,1179,408
bus,3892,1975
taxi,122,234
motorcycle,588,307
carDriver,50738,44097
carPassenger,3910,3163
bicycle,2969,1940
foot,7930,6274
other,235,707
noWork,45395,99172
home,8857,34522
metro,355,256
train,11101,2911
bus,3326,2034
taxi,224,204
motorcycle,577,341
carDriver,47511,38282
carPassenger,3552,2574
bicycle,2486,1725
foot,8173,6231
other,289,783
noWork,37242,91661
home,6074,21711
metro,90,25
train,825,249
bus,3304,1717
taxi,101,118
motorcycle,418,235
carDriver,31175,22959
carPassenger,2786,1980
bicycle,3805,2372
foot,10390,7320
other,215,472
noWork,26907,59679
home,8567,27343
metro,90,41
train,2066,1027
bus,3611,1887
taxi,278,437
motorcycle,544,345
carDriver,44753,39508
carPassenger,3940,3353
bicycle,2553,2156
foot,8127,8135
other,300,737
noWork,28440,76044
home,23337,67827
metro,254,98
train,4971,1630
bus,3267,1328
taxi,504,931
motorcycle,1169,663
carDriver,116931,93442
carPassenger,8993,7454
bicycle,4666,3537
foot,16282,13950
other,762,1627
noWork,89817,206285
home,17178,53184
metro,257,90
train,3114,1291
bus,5477,2913
taxi,783,988
motorcycle,1001,669
carDriver,103898,85824
carPassenger,8767,6624
bicycle,4200,3399
foot,14669,12543
other,794,1562
noWork,83017,188062
home,3755,10772
metro,39,19
train,684,284
bus,3788,1962
taxi,349,614
motorcycle,358,204
carDriver,30089,26580
carPassenger,3164,2439
bicycle,515,455
foot,4996,3817
other,164,388
noWork,28508,56037
home,8724,19385
metro,140,48
train,2298,721
bus,1027,656
taxi,125,82
motorcycle,375,229
carDriver,30051,26020
carPassenger,2104,1765
bicycle,2171,1549
foot,5998,5282
other,272,629
noWork,27752,67702
home,5827,16580
metro,34,27
train,1261,479
bus,1575,889
taxi,135,188
motorcycle,375,182
carDriver,36378,31980
carPassenger,2941,2357
bicycle,761,634
foot,4227,3465
other,188,464
noWork,26249,60488
home,687,3602
metro,879,349
train,253,95
bus,263,132
taxi,40,21
motorcycle,22,13
carDriver,134,124
carPassenger,11,13
bicycle,243,191
foot,2174,758
other,41,54
noWork,1560,3232
home,8617,28165
metro,174,121
train,6424,2069
bus,4824,2706
taxi,260,437
motorcycle,683,456
carDriver,46907,43618
carPassenger,4123,3329
bicycle,3310,2274
foot,9898,8004
other,367,837
noWork,42975,100700
home,6743,11381
metro,37,28
train,545,291
bus,2130,1441
taxi,221,170
motorcycle,273,170
carDriver,31488,28296
carPassenger,2733,1971
bicycle,645,540
foot,4954,3895
other,324,543
noWork,31813,66018
home,2782,7778
metro,18,14
train,519,316
bus,1532,861
taxi,152,120
motorcycle,272,202
carDriver,20877,16849
carPassenger,3086,1573
bicycle,554,374
foot,2958,2218
other,141,266
noWork,19811,36506
home,38596,62832
metro,208,80
train,2320,1275
bus,5812,3410
taxi,667,686
motorcycle,2782,1925
carDriver,147102,142649
carPassenger,12480,10378
bicycle,3777,2988
foot,28952,25022
other,1831,3001
noWork,144331,316058
home,7995,17228
metro,146,40
train,617,157
bus,501,217
taxi,69,41
motorcycle,268,149
carDriver,24532,20099
carPassenger,1785,1377
bicycle,829,529
foot,4574,3838
other,213,404
noWork,18546,46753
home,20652,53014
metro,323,98
train,1865,730
bus,13732,7478
taxi,1401,1414
motorcycle,1038,585
carDriver,146644,127527
carPassenger,17362,11802
bicycle,2205,1607
foot,21490,15713
other,1182,2252
noWork,155902,299853
home,10043,38674
metro,130,151
train,2864,1457
bus,14912,10947
taxi,708,2261
motorcycle,843,475
carDriver,77965,70234
carPassenger,10766,9844
bicycle,3594,2817
foot,15042,11501
other,693,1782
noWork,94311,195181
home,4595,8833
metro,25,14
train,926,287
bus,591,254
taxi,55,63
motorcycle,120,51
carDriver,15703,13199
carPassenger,1299,926
bicycle,331,217
foot,3799,3061
other,156,229
noWork,12456,29795
home,3682,15903
metro,86,95
train,4301,1756
bus,5921,4753
taxi,286,362
motorcycle,343,268
carDriver,31935,27783
carPassenger,2727,2546
bicycle,1384,1070
foot,4587,3643
other,214,724
noWork,21882,59592
home,15619,70976
metro,10923,8146
train,41346,17229
bus,24193,19903
taxi,544,884
motorcycle,1471,1454
carDriver,59655,52381
carPassenger,3903,3507
bicycle,2115,2422
foot,12296,10018
other,922,2489
noWork,90061,201312
home,8844,30226
metro,511,279
train,6201,1640
bus,2200,1042
taxi,266,390
motorcycle,487,302
carDriver,43992,34277
carPassenger,3264,2463
bicycle,788,605
foot,6599,5279
other,285,695
noWork,30973,77883
home,4180,11962
metro,33,18
train,828,403
bus,3380,1405
taxi,403,720
motorcycle,191,122
carDriver,28981,25487
carPassenger,3337,2742
bicycle,1151,966
foot,6284,4982
other,246,489
noWork,27621,58503
home,3809,18217
metro,354,475
train,8363,4573
bus,2524,1963
taxi,293,394
motorcycle,685,429
carDriver,27403,26492
carPassenger,2144,1904
bicycle,525,532
foot,3340,3262
other,171,583
noWork,20877,57930
home,5136,8600
metro,26,13
train,429,236
bus,1366,989
taxi,245,189
motorcycle,194,159
carDriver,25901,24399
carPassenger,2625,2032
bicycle,633,504
foot,4395,3349
other,206,376
noWork,26520,54971
home,7829,27260
metro,83,83
train,1196,537
bus,9978,5982
taxi,893,2065
motorcycle,970,547
carDriver,65944,57902
carPassenger,7128,6705
bicycle,4158,2956
foot,13755,11079
other,488,1085
noWork,66869,145163
home,6390,11376
metro,42,16
train,418,112
bus,772,316
taxi,48,53
motorcycle,204,93
carDriver,21520,16972
carPassenger,1620,1040
bicycle,357,302
foot,3454,2655
other,180,293
noWork,16973,38312
home,11055,25503
metro,114,61
train,2827,1171
bus,9961,6288
taxi,774,1563
motorcycle,816,433
carDriver,82346,79823
carPassenger,9972,9293
bicycle,3227,2475
foot,12214,9796
other,509,1452
noWork,87062,170248
home,5191,12291
metro,87,52
train,1749,1023
bus,1799,1100
taxi,228,264
motorcycle,427,264
carDriver,30887,27830
carPassenger,3017,2344
bicycle,1041,674
foot,5654,4462
other,316,622
noWork,30390,65484
home,10956,31434
metro,195,126
train,4102,1889
bus,10188,6125
taxi,422,1474
motorcycle,1216,563
carDriver,94090,85285
carPassenger,8057,7105
bicycle,1723,1263
foot,10645,8127
other,404,1249
noWork,84728,178848
home,15002,63137
metro,43953,20319
train,9710,5788
bus,22660,18840
taxi,362,761
motorcycle,1647,1531
carDriver,51845,42941
carPassenger,3125,3082
bicycle,4760,5026
foot,10974,11236
other,782,2365
noWork,87944,192088
home,5702,15606
metro,50,16
train,2303,894
bus,706,320
taxi,86,105
motorcycle,301,173
carDriver,28943,22735
carPassenger,2098,1473
bicycle,1220,812
foot,2353,2211
other,157,350
noWork,16795,43067
home,10081,19757
metro,77,26
train,1399,540
bus,1541,1159
taxi,145,113
motorcycle,615,441
carDriver,34845,34839
carPassenger,2792,2149
bicycle,1286,1177
foot,6647,5856
other,480,671
noWork,32874,84101
home,8475,23141
metro,88,42
train,2945,707
bus,770,417
taxi,78,99
motorcycle,388,235
carDriver,37337,30391
carPassenger,2402,1968
bicycle,962,487
foot,4713,3710
other,299,534
noWork,25065,64012
home,8672,31278
metro,559,322
train,9383,3033
bus,1327,1012
taxi,243,232
motorcycle,406,211
carDriver,42056,32231
carPassenger,2507,1821
bicycle,900,600
foot,5937,5088
other,235,696
noWork,27868,73634
home,8626,10993
metro,64,20
train,134,83
bus,1032,615
taxi,181,162
motorcycle,390,235
carDriver,33997,33094
carPassenger,2662,2317
bicycle,2019,1193
foot,6846,6224
other,360,641
noWork,43617,86719
home,18942,38568
metro,103,57
train,2206,782
bus,4428,1936
taxi,472,388
motorcycle,1182,697
carDriver,101115,89258
carPassenger,8579,6390
bicycle,5819,4063
foot,14774,12269
other,1137,1713
noWork,86837,186095
home,5555,13235
metro,34,26
train,594,223
bus,1600,748
taxi,419,960
motorcycle,404,286
carDriver,34628,32945
carPassenger,3613,3384
bicycle,1738,1346
foot,6142,5615
other,194,550
noWork,28138,64701
home,6198,23893
metro,47,41
train,2489,853
bus,1909,829
taxi,115,189
motorcycle,713,421
carDriver,44577,35345
carPassenger,3202,2351
bicycle,1645,1148
foot,4570,3829
other,303,617
noWork,25814,66927
home,5771,7682
metro,20,13
train,206,69
bus,578,405
taxi,67,44
motorcycle,86,48
carDriver,15360,14504
carPassenger,1311,962
bicycle,326,236
foot,3601,3062
other,135,308
noWork,11274,27400
home,9879,35983
metro,616,289
train,12968,2759
bus,1353,685
taxi,169,138
motorcycle,735,391
carDriver,31638,20448
carPassenger,1644,1159
bicycle,2001,1431
foot,3417,3063
other,310,634
noWork,27297,71774
home,12362,44977
metro,20636,12557
train,15909,7138
bus,17728,15289
taxi,668,819
motorcycle,933,788
carDriver,55090,46721
carPassenger,3390,3146
bicycle,1905,2040
foot,8268,8213
other,733,2177
noWork,86402,186120
home,7060,25171
metro,11466,4744
train,2629,1538
bus,1269,853
taxi,696,467
motorcycle,582,297
carDriver,32030,27015
carPassenger,1931,1723
bicycle,482,403
foot,3201,2805
other,263,778
noWork,29013,69184
home,4114,17930
metro,537,347
train,7525,2144
bus,1443,849
taxi,198,169
motorcycle,487,352
carDriver,18677,13636
carPassenger,1083,926
bicycle,946,659
foot,2830,2537
other,165,362
noWork,16165,41029
home,4621,13607
metro,55,109
train,768,241
bus,3791,2157
taxi,143,216
motorcycle,628,315
carDriver,35070,30285
carPassenger,2847,2390
bicycle,1866,1215
foot,4896,3950
other,166,482
noWork,27758,57940
home,4825,18285
metro,52,35
train,1089,528
bus,5179,2838
taxi,195,208
motorcycle,695,472
carDriver,25758,22190
carPassenger,2979,2176
bicycle,3542,2821
foot,12621,9603
other,204,543
noWork,32405,71009
home,5596,19206
metro,44,32
train,2049,599
bus,1063,501
taxi,129,179
motorcycle,720,333
carDriver,38090,28382
carPassenger,2572,1744
bicycle,2056,1200
foot,3668,2838
other,458,618
noWork,24753,58882
home,4683,9463
metro,43,26
train,627,294
bus,893,528
taxi,160,129
motorcycle,312,218
carDriver,28976,28166
carPassenger,2913,2708
bicycle,2022,1457
foot,3696,3654
other,189,467
noWork,24744,55357
home,6577,16269
metro,44,27
train,640,258
bus,2894,1674
taxi,319,356
motorcycle,522,365
carDriver,51486,45411
carPassenger,4848,3769
bicycle,1294,1126
foot,5079,3996
other,346,571
noWork,38276,81142
home,5307,13770
metro,91,40
train,1835,932
bus,2296,1319
taxi,222,256
motorcycle,347,198
carDriver,28731,23922
carPassenger,2584,1932
bicycle,866,538
foot,5704,4360
other,297,552
noWork,29658,61939
home,5459,11230
metro,26,10
train,334,95
bus,884,489
taxi,43,34
motorcycle,391,201
carDriver,26174,23378
carPassenger,2144,1640
bicycle,446,286
foot,2996,2285
other,171,341
noWork,21273,47014
home,4055,11361
metro,32,31
train,416,176
bus,1339,793
taxi,139,159
motorcycle,235,116
carDriver,22153,18312
carPassenger,1690,1312
bicycle,959,535
foot,3325,2498
other,167,423
noWork,20034,45658
home,6383,23427
metro,4270,1528
train,705,391
bus,13909,7201
taxi,453,774
motorcycle,364,233
carDriver,50236,40957
carPassenger,5830,4249
bicycle,1314,1092
foot,7966,6677
other,447,990
noWork,56202,108632
home,5150,17220
metro,193,67
train,362,173
bus,7516,3572
taxi,178,240
motorcycle,425,212
carDriver,33686,28293
carPassenger,2724,1939
bicycle,1043,747
foot,4107,3229
other,214,495
noWork,27686,61076
home,4379,15908
metro,46,24
train,397,215
bus,4513,2786
taxi,110,194
motorcycle,666,418
carDriver,37779,34341
carPassenger,3558,3161
bicycle,3035,2174
foot,6676,5909
other,215,491
noWork,27568,66795
home,2886,8865
metro,21,23
train,558,208
bus,2025,1128
taxi,186,223
motorcycle,948,486
carDriver,22740,20010
carPassenger,2049,1575
bicycle,4283,2433
foot,3863,2876
other,504,656
noWork,19436,43468
home,3912,13037
metro,205,203
train,5053,2655
bus,3125,1665
taxi,188,224
motorcycle,528,344
carDriver,27428,24799
carPassenger,2953,2591
bicycle,449,405
foot,3591,3264
other,207,574
noWork,25552,57139
home,3817,6813
metro,31,20
train,248,124
bus,2443,1807
taxi,215,209
motorcycle,415,257
carDriver,23861,22863
carPassenger,2704,2488
bicycle,1689,1276
foot,4895,4314
other,946,969
noWork,28970,58609
home,9610,57959
metro,17440,13632
train,26997,12376
bus,18336,15318
taxi,513,635
motorcycle,1221,882
carDriver,30825,28623
carPassenger,2204,2160
bicycle,2669,2688
foot,7110,7001
other,896,1660
noWork,68901,146134
home,9154,30814
metro,216,92
train,7653,1617
bus,2352,1264
taxi,138,167
motorcycle,522,359
carDriver,37853,25794
carPassenger,2478,1846
bicycle,1766,1187
foot,7615,5886
other,274,748
noWork,32033,73876
home,8546,12259
metro,34,24
train,352,198
bus,2379,1266
taxi,105,125
motorcycle,264,135
carDriver,31511,29336
carPassenger,3071,2268
bicycle,677,532
foot,6724,5292
other,298,385
noWork,34952,65575
home,11963,66844
metro,22486,10239
train,8336,4991
bus,30541,13995
taxi,492,962
motorcycle,1220,672
carDriver,12445,11646
carPassenger,877,851
bicycle,16389,10011
foot,13187,12698
other,620,1401
noWork,68867,124838
home,3696,14548
metro,38,26
train,1081,470
bus,3787,1916
taxi,321,492
motorcycle,351,232
carDriver,37640,31780
carPassenger,3988,3231
bicycle,1191,1182
foot,5221,4296
other,263,534
noWork,35131,69772
home,7270,13303
metro,37,18
train,550,171
bus,676,188
taxi,80,82
motorcycle,193,97
carDriver,27312,22912
carPassenger,2079,1349
bicycle,1196,640
foot,5612,4192
other,250,451
noWork,20000,47286
home,10416,51319
metro,37734,11578
train,4269,2376
bus,13395,7504
taxi,374,595
motorcycle,2060,994
carDriver,11084,7781
carPassenger,678,514
bicycle,7103,4915
foot,11980,9439
other,525,1078
noWork,45934,85064
home,6408,17474
metro,56,21
train,814,269
bus,870,405
taxi,57,74
motorcycle,252,102
carDriver,29182,25108
carPassenger,1791,1372
bicycle,886,535
foot,3595,3057
other,168,354
noWork,17834,48854
home,12465,55767
metro,43784,21629
train,8754,5273
bus,20959,15341
taxi,266,626
motorcycle,1536,1107
carDriver,21550,18436
carPassenger,1298,1457
bicycle,5911,5226
foot,7199,7920
other,574,1599
noWork,68766,129857
home,2778,9631
metro,1181,753
train,1679,979
bus,2122,1108
taxi,408,548
motorcycle,282,262
carDriver,23976,24427
carPassenger,2720,2508
bicycle,1018,985
foot,4084,4245
other,153,535
noWork,18268,47347
home,12145,28233
metro,118,38
train,1903,503
bus,3053,1383
taxi,204,222
motorcycle,436,237
carDriver,47030,36036
carPassenger,3936,2684
bicycle,1723,1190
foot,10465,8490
other,389,669
noWork,32636,82982
home,11574,45175
metro,27877,15605
train,7537,4721
bus,9950,8673
taxi,354,516
motorcycle,581,590
carDriver,45283,37918
carPassenger,2713,3223
bicycle,869,915
foot,6746,6146
other,416,1555
noWork,60851,136166
home,6957,22579
metro,80,46
train,3282,665
bus,546,227
taxi,71,68
motorcycle,311,187
carDriver,31362,21942
carPassenger,1557,1194
bicycle,936,589
foot,2753,2535
other,192,413
noWork,18040,48963
home,2473,6570
metro,33,33
train,469,269
bus,2556,1241
taxi,673,639
motorcycle,175,73
carDriver,22863,22448
carPassenger,3157,2276
bicycle,706,561
foot,4305,3131
other,357,509
noWork,29037,54589
home,4386,10943
metro,72,44
train,2385,1068
bus,2280,1170
taxi,337,651
motorcycle,384,294
carDriver,21379,18992
carPassenger,2612,2184
bicycle,573,536
foot,6048,4495
other,215,523
noWork,25365,50096
home,4964,14413
metro,38,18
train,1586,624
bus,2518,1555
taxi,331,408
motorcycle,615,406
carDriver,36165,31164
carPassenger,3401,2827
bicycle,1631,1181
foot,4025,3215
other,281,557
noWork,30692,67840
home,8705,41654
metro,10492,8363
train,19934,8721
bus,8571,6949
taxi,1086,739
motorcycle,987,609
carDriver,51452,45890
carPassenger,3548,3357
bicycle,998,848
foot,6584,6101
other,489,1550
noWork,58282,137271
home,15123,22618
metro,85,31
train,612,271
bus,1491,555
taxi,250,248
motorcycle,601,404
carDriver,52643,47936
carPassenger,4601,3640
bicycle,3223,2569
foot,11062,9391
other,546,846
noWork,43205,98523
home,6104,21051
metro,2332,1310
train,5809,1999
bus,2248,1509
taxi,356,269
motorcycle,399,234
carDriver,26471,21164
carPassenger,1630,1314
bicycle,494,357
foot,3387,2974
other,198,585
noWork,22083,55061
home,5494,12973
metro,57,31
train,2590,756
bus,1200,612
taxi,151,181
motorcycle,276,123
carDriver,27146,23176
carPassenger,2113,1536
bicycle,612,376
foot,5774,4501
other,205,349
noWork,21771,46319
home,11229,45193
metro,16915,9362
train,5439,3714
bus,15283,13357
taxi,422,670
motorcycle,1035,772
carDriver,65349,55421
carPassenger,3949,3711
bicycle,1892,1627
foot,8300,7226
other,477,1752
noWork,69636,163104
home,5814,16666
metro,35,28
train,402,168
bus,1578,702
taxi,100,113
motorcycle,416,189
carDriver,37230,31401
carPassenger,2788,1948
bicycle,1212,824
foot,4022,3419
other,177,429
noWork,23942,57754
home,9683,29417
metro,96,54
train,4512,1235
bus,1142,624
taxi,65,100
motorcycle,396,261
carDriver,40626,32645
carPassenger,2748,2053
bicycle,1083,702
foot,5704,4474
other,244,604
noWork,28019,74611
home,11139,45047
metro,19249,10046
train,10139,5086
bus,20424,18538
taxi,307,635
motorcycle,1388,1199
carDriver,48012,40771
carPassenger,2982,3043
bicycle,4050,4056
foot,8783,8614
other,559,1767
noWork,63125,149381
home,10153,31900
metro,113,51
train,3169,1005
bus,2191,1118
taxi,252,314
motorcycle,568,351
carDriver,57545,44173
carPassenger,4400,3138
bicycle,3164,2354
foot,7149,6281
other,287,707
noWork,36355,89441
home,2860,6309
metro,9,8
train,325,223
bus,2247,960
taxi,360,993
motorcycle,239,148
carDriver,23076,21212
carPassenger,2576,2150
bicycle,398,267
foot,3751,2976
other,152,381
noWork,22363,46607
home,4674,16664
metro,57,34
train,1538,559
bus,4974,2478
taxi,224,461
motorcycle,713,451
carDriver,35092,32133
carPassenger,4455,3843
bicycle,3009,2141
foot,10488,7573
other,255,691
noWork,31688,72616
home,4026,6573
metro,20,6
train,199,119
bus,795,463
taxi,100,92
motorcycle,217,115
carDriver,20136,17915
carPassenger,1779,1354
bicycle,453,279
foot,2465,2005
other,241,281
noWork,20387,39676
home,7280,12922
metro,103,39
train,775,252
bus,2529,2291
taxi,122,83
motorcycle,989,621
carDriver,32299,29704
carPassenger,2737,2100
bicycle,1771,1275
foot,9463,7404
other,1231,1219
noWork,40448,82549
home,428,322
metro,0,0
train,1,1
bus,8,7
taxi,1,1
motorcycle,34,9
carDriver,246,282
carPassenger,25,19
bicycle,186,127
foot,341,309
other,41,38
noWork,311,940
home,10122,322
metro,31009,0
train,5934,1
bus,21595,7
taxi,769,1
motorcycle,1161,9
carDriver,9145,282
carPassenger,690,19
bicycle,9763,127
foot,16059,309
other,518,38
noWork,58384,940
home,13510,64530
metro,28615,11099
train,2448,3063
bus,9725,9346
taxi,1555,689
motorcycle,1598,620
carDriver,9546,7871
carPassenger,779,552
bicycle,3701,6133
foot,9148,9922
other,762,1146
noWork,44693,101619
home,4541,40010
metro,30,6659
train,803,1164
bus,1267,4057
taxi,92,1003
motorcycle,283,568
carDriver,31112,5331
carPassenger,2910,487
bicycle,846,2377
foot,4885,6820
other,149,962
noWork,21002,73935
home,7965,14162
metro,112,49
train,976,569
bus,1483,804
taxi,148,171
motorcycle,480,341
carDriver,43255,41529
carPassenger,4004,3353
bicycle,3155,2455
foot,5356,5082
other,334,707
noWork,39323,85102
home,5676,15534
metro,51,41
train,642,414
bus,14317,8903
taxi,1111,1497
motorcycle,1313,969
carDriver,56712,61237
carPassenger,8631,9104
bicycle,8944,8169
foot,12705,10676
other,801,1245
noWork,79707,149222
home,8942,39251
metro,2814,1457
train,18195,4946
bus,8347,5519
taxi,217,228
motorcycle,1121,705
carDriver,29312,21101
carPassenger,1708,1396
bicycle,3278,2379
foot,7697,6364
other,326,802
noWork,37716,83915
home,17716,49908
metro,151,101
train,5281,2095
bus,14890,6960
taxi,1672,3403
motorcycle,1256,604
carDriver,118836,101008
carPassenger,12264,9250
bicycle,1791,1378
foot,17802,13453
other,738,1923
noWork,114797,243131
home,3531,14880
metro,162,51
train,3448,1758
bus,6806,4655
taxi,1195,1340
motorcycle,275,168
carDriver,34717,35442
carPassenger,4682,4322
bicycle,962,1188
foot,5569,4880
other,344,811
noWork,44464,85027
home,13862,91770
metro,49274,18743
train,23064,8531
bus,31873,21125
taxi,384,809
motorcycle,2279,1464
carDriver,19068,16994
carPassenger,1118,1013
bicycle,12930,9711
foot,11898,10713
other,744,1945
noWork,71236,134835
home,6644,15430
metro,53,39
train,1252,458
bus,3707,2094
taxi,341,304
motorcycle,533,309
carDriver,34942,31607
carPassenger,3810,3061
bicycle,2497,1692
foot,8706,6769
other,347,638
noWork,40464,80533
home,29647,126585
metro,454,249
train,11440,3950
bus,49589,27152
taxi,3047,5362
motorcycle,1740,913
carDriver,190643,156227
carPassenger,21056,15050
bicycle,6237,5190
foot,40140,29819
other,1232,3567
noWork,205624,437891
home,9392,29530
metro,227,145
train,1550,755
bus,18203,10782
taxi,714,2876
motorcycle,676,469
carDriver,67886,67246
carPassenger,10824,13734
bicycle,4980,5470
foot,22303,21589
other,739,2338
noWork,104738,213637
home,6310,15713
metro,69,37
train,3426,1028
bus,3514,2038
taxi,148,99
motorcycle,337,235
carDriver,24438,19656
carPassenger,1816,1322
bicycle,781,603
foot,4510,3350
other,183,426
noWork,23737,55398
home,11413,69977
metro,19391,10775
train,37398,14407
bus,22372,17148
taxi,371,628
motorcycle,1359,1011
carDriver,27910,24709
carPassenger,1729,1529
bicycle,5164,5569
foot,8227,8146
other,723,1813
noWork,70198,144841
home,6145,15959
metro,41,28
train,1683,514
bus,1014,492
taxi,94,129
motorcycle,237,158
carDriver,33212,27712
carPassenger,2450,1822
bicycle,627,515
foot,3333,2730
other,180,413
noWork,25741,55963
home,3088,9451
metro,38,13
train,341,210
bus,2402,1727
taxi,259,459
motorcycle,484,249
carDriver,23405,21936
carPassenger,3302,3203
bicycle,2640,2053
foot,8441,6877
other,199,541
noWork,26978,57095
home,12180,53721
metro,1081,538
train,9707,5138
bus,38027,22387
taxi,2574,3607
motorcycle,780,592
carDriver,91570,81901
carPassenger,11587,10160
bicycle,3970,4862
foot,23991,20234
other,1163,2609
noWork,160246,280338
home,6171,21199
metro,285,334
train,5126,2509
bus,6517,6718
taxi,1029,1816
motorcycle,432,264
carDriver,49150,47641
carPassenger,7475,6719
bicycle,1149,1103
foot,11261,8955
other,606,1463
noWork,56007,126541
home,9110,26842
metro,113,108
train,5073,2239
bus,2881,1583
taxi,193,259
motorcycle,533,308
carDriver,47188,43325
carPassenger,3719,3414
bicycle,914,800
foot,8093,6631
other,273,897
noWork,35141,89373
home,4092,9789
metro,64,55
train,2274,638
bus,465,244
taxi,70,57
motorcycle,186,111
carDriver,19136,16866
carPassenger,1256,998
bicycle,548,292
foot,2072,1898
other,129,309
noWork,15114,34952
home,6260,12483
metro,34,15
train,663,276
bus,471,171
taxi,55,38
motorcycle,261,149
carDriver,21865,18650
carPassenger,1535,1103
bicycle,598,426
foot,2473,2184
other,146,307
noWork,19151,43686
home,15288,73964
metro,2841,6152
train,5663,2848
bus,46652,23669
taxi,1810,3654
motorcycle,841,462
carDriver,91871,82379
carPassenger,9828,8217
bicycle,8426,7305
foot,29347,22647
other,1138,2986
noWork,169227,317655
home,3613,8757
metro,59,30
train,394,203
bus,2821,1827
taxi,274,607
motorcycle,351,236
carDriver,32005,31438
carPassenger,3711,3841
bicycle,668,594
foot,4284,3332
other,181,504
noWork,28794,59115
home,9922,34466
metro,266,313
train,10970,5339
bus,5819,3090
taxi,418,815
motorcycle,1379,807
carDriver,76721,69504
carPassenger,7615,6301
bicycle,1419,942
foot,11643,9519
other,517,1510
noWork,67469,147167
home,3489,7261
metro,17,5
train,372,120
bus,638,203
taxi,39,45
motorcycle,178,93
carDriver,16576,13863
carPassenger,1331,912
bicycle,570,420
foot,2878,2349
other,96,194
noWork,10771,26287
home,8580,17105
metro,77,30
train,429,125
bus,979,530
taxi,109,110
motorcycle,398,229
carDriver,32939,28823
carPassenger,2582,1918
bicycle,1166,769
foot,6365,5489
other,221,542
noWork,24808,60418
home,1680,4666
metro,24,11
train,460,278
bus,1724,744
taxi,209,327
motorcycle,77,46
carDriver,15788,15547
carPassenger,2620,2040
bicycle,80,81
foot,2333,1682
other,104,215
noWork,18278,33204
home,9455,48419
metro,24664,12159
train,18898,5293
bus,10898,9251
taxi,253,385
motorcycle,1333,1152
carDriver,26977,22618
carPassenger,1644,1630
bicycle,3409,3237
foot,6845,6683
other,446,1238
noWork,44776,103124
home,6773,11963
metro,39,10
train,323,139
bus,1102,579
taxi,47,64
motorcycle,360,194
carDriver,23069,21306
carPassenger,1922,1558
bicycle,694,476
foot,3994,3605
other,185,388
noWork,17339,42570
home,7274,15527
metro,58,28
train,1348,445
bus,708,171
taxi,67,65
motorcycle,376,216
carDriver,31906,28416
carPassenger,2027,1464
bicycle,1322,757
foot,3302,2495
other,182,442
noWork,21503,52675
home,9459,31314
metro,106,70
train,9190,2549
bus,1073,623
taxi,251,188
motorcycle,453,281
carDriver,40567,32221
carPassenger,2802,2164
bicycle,968,627
foot,7086,5959
other,274,576
noWork,28023,75994
home,3337,9478
metro,44,28
train,698,469
bus,4868,2264
taxi,902,2050
motorcycle,195,99
carDriver,31155,30745
carPassenger,4639,4060
bicycle,1375,1121
foot,6769,5129
other,565,993
noWork,46004,87490
home,12488,52198
metro,226,228
train,5301,1915
bus,7033,4533
taxi,1485,2856
motorcycle,647,448
carDriver,79279,62713
carPassenger,8058,6985
bicycle,3599,2809
foot,9117,7288
other,550,1406
noWork,53602,143682
home,6784,19379
metro,142,71
train,5282,1252
bus,595,292
taxi,87,101
motorcycle,352,218
carDriver,23330,16658
carPassenger,1429,1052
bicycle,770,450
foot,3471,2480
other,180,389
noWork,18356,45044
home,6619,14708
metro,61,30
train,857,238
bus,563,202
taxi,88,99
motorcycle,341,141
carDriver,27602,22432
carPassenger,2221,1349
bicycle,483,333
foot,3792,2964
other,190,336
noWork,23290,50127
home,4081,12464
metro,35,20
train,973,445
bus,1948,976
taxi,254,274
motorcycle,455,250
carDriver,41127,37320
carPassenger,4529,3079
bicycle,755,548
foot,4539,3294
other,284,517
noWork,44006,83100
home,11249,23960
metro,127,28
train,1776,448
bus,1615,709
taxi,149,140
motorcycle,766,405
carDriver,54271,42845
carPassenger,3690,2761
bicycle,3074,1794
foot,5693,4767
other,583,845
noWork,41805,97083
home,6943,14786
metro,71,33
train,810,287
bus,1380,570
taxi,79,161
motorcycle,376,207
carDriver,34537,31794
carPassenger,2944,2547
bicycle,2103,1687
foot,5099,4522
other,213,520
noWork,29590,65842
home,8430,37529
metro,6304,2337
train,1381,794
bus,21728,11887
taxi,1037,1634
motorcycle,345,235
carDriver,54165,48488
carPassenger,6706,5485
bicycle,3223,2883
foot,15302,12324
other,714,1481
noWork,93529,175047
home,4982,13009
metro,38,12
train,465,219
bus,2618,1043
taxi,509,1099
motorcycle,391,256
carDriver,38686,32923
carPassenger,4195,3364
bicycle,668,606
foot,4646,3748
other,168,404
noWork,34969,66617
home,8945,47737
metro,51117,38371
train,15884,14011
bus,16779,14821
taxi,310,802
motorcycle,753,1063
carDriver,25391,28349
carPassenger,1991,2373
bicycle,2163,3757
foot,8554,9818
other,567,2344
noWork,96504,187591
home,4728,20385
metro,58,22
train,1312,716
bus,5009,2004
taxi,419,1093
motorcycle,430,250
carDriver,40943,37870
carPassenger,4643,4040
bicycle,921,969
foot,5652,4784
other,293,656
noWork,40733,86803
home,7582,10957
metro,34,16
train,174,71
bus,1496,977
taxi,123,119
motorcycle,424,268
carDriver,23654,23589
carPassenger,2199,1807
bicycle,1524,1098
foot,7303,5834
other,241,427
noWork,22753,53448
home,5280,11576
metro,63,37
train,397,147
bus,360,1183
taxi,55,196
motorcycle,234,201
carDriver,20463,28298
carPassenger,1460,2008
bicycle,664,297
foot,4289,2244
other,167,377
noWork,15708,55438
home,4680,9605
metro,306,19
train,459,157
bus,2683,2272
taxi,112,567
motorcycle,335,359
carDriver,32339,41180
carPassenger,2748,4040
bicycle,326,3423
foot,2709,6360
other,161,868
noWork,26602,88114
home,4574,28689
metro,51,113
train,312,2442
bus,4251,457
taxi,523,159
motorcycle,645,211
carDriver,43237,27107
carPassenger,4972,2061
bicycle,3817,875
foot,7841,4567
other,553,476
noWork,45047,66049
home,7594,15406
metro,201,26
train,7546,300
bus,1089,517
taxi,142,96
motorcycle,387,267
carDriver,38039,32959
carPassenger,2753,2050
bicycle,1216,1285
foot,5801,3469
other,222,517
noWork,26520,61182
home,5933,13277
metro,50,21
train,638,131
bus,1427,1036
taxi,103,233
motorcycle,464,378
carDriver,34910,47177
carPassenger,2533,4265
bicycle,2008,2307
foot,4084,6617
other,278,781
noWork,26188,93457
home,6841,10106
metro,33,36
train,348,289
bus,1858,367
taxi,193,106
motorcycle,779,268
carDriver,52473,23868
carPassenger,5166,1398
bicycle,2959,808
foot,7041,3865
other,410,545
noWork,44228,61321
home,6822,42162
metro,73,107
train,512,921
bus,833,2469
taxi,129,1739
motorcycle,354,604
carDriver,26496,101925
carPassenger,2059,10782
bicycle,1208,2905
foot,4354,13596
other,343,1645
noWork,29270,180670
home,11734,33466
metro,98,30
train,2234,801
bus,2885,1782
taxi,349,386
motorcycle,954,509
carDriver,62805,51958
carPassenger,5002,3798
bicycle,2646,1951
foot,8460,7185
other,396,833
noWork,47789,114026
home,6997,30738
metro,8523,3041
train,1385,681
bus,8606,4343
taxi,748,791
motorcycle,471,294
carDriver,52543,43934
carPassenger,5951,4121
bicycle,2345,1885
foot,7559,6177
other,898,1260
noWork,51863,111702
home,3393,8411
metro,17,9
train,506,189
bus,887,397
taxi,117,117
motorcycle,243,116
carDriver,21842,18812
carPassenger,1837,1430
bicycle,353,280
foot,1963,1748
other,100,246
noWork,14912,33281
home,4979,14874
metro,18,18
train,202,66
bus,1039,669
taxi,104,165
motorcycle,420,262
carDriver,32714,30052
carPassenger,2423,1952
bicycle,759,595
foot,3449,2922
other,184,385
noWork,22265,52744
home,17894,38430
metro,659,206
train,1852,610
bus,7593,3995
taxi,523,586
motorcycle,682,286
carDriver,90566,76220
carPassenger,9283,5930
bicycle,2074,1463
foot,14632,11346
other,1143,1705
noWork,86323,179790
home,4781,19468
metro,80,58
train,715,321
bus,4959,3096
taxi,288,494
motorcycle,693,570
carDriver,27585,24555
carPassenger,3200,2753
bicycle,5464,4044
foot,14307,9611
other,352,751
noWork,38278,78202
home,8856,32915
metro,2495,2760
train,1315,810
bus,24275,15217
taxi,950,1496
motorcycle,763,553
carDriver,54020,50069
carPassenger,6530,5931
bicycle,4257,3565
foot,19064,13748
other,693,1803
noWork,108854,194765
home,4381,14461
metro,32,20
train,751,372
bus,2633,1472
taxi,200,350
motorcycle,524,253
carDriver,40555,36655
carPassenger,4340,3592
bicycle,1268,1096
foot,5307,4352
other,214,491
noWork,31885,71083
home,2187,7477
metro,43,24
train,273,95
bus,2145,774
taxi,77,145
motorcycle,162,96
carDriver,16953,14012
carPassenger,1534,1042
bicycle,794,493
foot,2142,1584
other,89,244
noWork,14398,31756
home,7349,20903
metro,121,2478
train,1115,466
bus,10269,4566
taxi,971,1876
motorcycle,489,252
carDriver,57766,51845
carPassenger,7097,5769
bicycle,993,753
foot,9622,7975
other,508,1324
noWork,63465,143882
home,7287,28427
metro,157,77
train,1678,523
bus,11122,6493
taxi,246,417
motorcycle,476,375
carDriver,22648,17163
carPassenger,2195,1778
bicycle,11915,7724
foot,11735,9697
other,348,650
noWork,48630,88714
home,9395,12179
metro,41,30
train,214,145
bus,1564,542
taxi,195,200
motorcycle,350,183
carDriver,33210,32274
carPassenger,3323,2326
bicycle,435,333
foot,5106,4001
other,384,553
noWork,33832,70595
home,3370,7461
metro,19,19
train,287,174
bus,2092,1151
taxi,353,911
motorcycle,185,105
carDriver,24451,22486
carPassenger,2868,2282
bicycle,498,335
foot,5019,4296
other,182,403
noWork,25116,56134
home,7158,24747
metro,92,86
train,2080,975
bus,6434,3644
taxi,537,2289
motorcycle,610,421
carDriver,50718,48971
carPassenger,7489,7145
bicycle,4990,3823
foot,7506,7664
other,430,1203
noWork,44274,114705
home,7898,25656
metro,66,44
train,641,371
bus,12991,7672
taxi,743,1201
motorcycle,2256,1582
carDriver,65103,61976
carPassenger,7110,6220
bicycle,3055,2554
foot,16592,12221
other,1011,1520
noWork,74320,143677
home,7092,24315
metro,115,63
train,3401,1894
bus,7070,4968
taxi,983,1291
motorcycle,1106,807
carDriver,47951,40707
carPassenger,5623,4854
bicycle,7008,5128
foot,15568,12424
other,702,1336
noWork,57086,110216
home,13621,18698
metro,54,20
train,364,147
bus,667,297
taxi,115,87
motorcycle,218,154
carDriver,37419,33599
carPassenger,2920,1961
bicycle,843,536
foot,7097,5669
other,335,557
noWork,32416,71443
home,5038,16614
metro,44,31
train,865,598
bus,7148,4224
taxi,345,748
motorcycle,418,235
carDriver,35956,32080
carPassenger,4324,3899
bicycle,1449,1156
foot,8299,6403
other,294,646
noWork,39905,81204
home,6999,34950
metro,213,141
train,7425,2412
bus,8604,6584
taxi,244,318
motorcycle,455,349
carDriver,35774,27914
carPassenger,3477,2905
bicycle,3252,2361
foot,13087,10088
other,322,844
noWork,36956,85358
home,11029,49406
metro,35515,20627
train,11885,8539
bus,8951,8172
taxi,981,850
motorcycle,739,638
carDriver,44111,40221
carPassenger,2813,2978
bicycle,1356,1566
foot,6722,6768
other,590,1862
noWork,74852,168633
home,4034,10019
metro,43,19
train,1175,556
bus,3314,1592
taxi,388,758
motorcycle,255,126
carDriver,36281,33885
carPassenger,3976,3032
bicycle,875,632
foot,5335,4096
other,678,907
noWork,42823,80910
home,3623,9872
metro,26,17
train,724,248
bus,3017,1333
taxi,194,478
motorcycle,226,134
carDriver,28276,24498
carPassenger,2817,2477
bicycle,665,594
foot,3198,2673
other,156,370
noWork,19601,44342
home,8477,31589
metro,338,225
train,10390,2933
bus,2039,1664
taxi,323,382
motorcycle,599,396
carDriver,39264,29864
carPassenger,2534,1940
bicycle,1183,733
foot,5818,4695
other,271,706
noWork,27937,75719
home,6778,22563
metro,61,38
train,4114,1906
bus,3932,2752
taxi,217,246
motorcycle,445,283
carDriver,67154,62494
carPassenger,7995,6183
bicycle,441,402
foot,7836,5742
other,354,781
noWork,72720,134262
home,4070,9005
metro,26,16
train,304,151
bus,593,246
taxi,47,67
motorcycle,160,85
carDriver,19098,17171
carPassenger,1303,938
bicycle,380,258
foot,2635,2200
other,97,249
noWork,12572,31176
home,13870,57322
metro,10108,2897
train,20986,4319
bus,7339,3929
taxi,219,276
motorcycle,1574,649
carDriver,30298,17106
carPassenger,1289,962
bicycle,5849,3888
foot,7202,5386
other,470,832
noWork,38575,97713
home,4910,6700
metro,29,15
train,400,77
bus,522,196
taxi,90,127
motorcycle,128,77
carDriver,15097,13001
carPassenger,1364,906
bicycle,447,307
foot,4215,2936
other,593,337
noWork,10857,25097
home,7076,20151
metro,181,829
train,1804,804
bus,7904,4612
taxi,1493,1936
motorcycle,465,305
carDriver,55947,51996
carPassenger,6383,5249
bicycle,910,809
foot,8172,6731
other,418,1038
noWork,61989,129314
home,4056,14659
metro,111,60
train,6282,1877
bus,1313,565
taxi,152,116
motorcycle,306,166
carDriver,24053,19583
carPassenger,1694,1200
bicycle,498,278
foot,2059,1752
other,138,405
noWork,19763,45003
home,3292,8036
metro,25,18
train,164,68
bus,1872,1026
taxi,130,256
motorcycle,218,119
carDriver,22313,19570
carPassenger,1938,1507
bicycle,236,153
foot,2478,2060
other,142,303
noWork,17267,37757
home,6336,12306
metro,105,31
train,2556,872
bus,544,332
taxi,92,131
motorcycle,274,200
carDriver,21954,19187
carPassenger,1706,1311
bicycle,470,345
foot,3370,2800
other,176,417
noWork,25278,55176
home,8748,24750
metro,450,196
train,1232,481
bus,9759,4959
taxi,619,1084
motorcycle,674,402
carDriver,75360,70478
carPassenger,8132,6792
bicycle,987,893
foot,8542,6618
other,368,1148
noWork,73088,148004
home,5216,17792
metro,34,37
train,1219,441
bus,1125,1109
taxi,160,266
motorcycle,393,189
carDriver,32570,29803
carPassenger,3293,2994
bicycle,1505,1111
foot,4809,3913
other,161,454
noWork,22274,56257
home,4809,16530
metro,183,122
train,3312,1142
bus,740,492
taxi,100,183
motorcycle,423,230
carDriver,24824,18611
carPassenger,1504,1267
bicycle,1162,705
foot,3416,2759
other,178,417
noWork,19142,45622
home,7416,24680
metro,90,123
train,602,170
bus,4690,1574
taxi,82,128
motorcycle,254,123
carDriver,34541,24538
carPassenger,2244,1395
bicycle,1627,1041
foot,3624,2786
other,176,420
noWork,25409,62099
home,4529,15301
metro,69,47
train,3355,1217
bus,1983,1526
taxi,136,155
motorcycle,425,293
carDriver,31467,26669
carPassenger,2619,2514
bicycle,1413,903
foot,4779,3835
other,312,558
noWork,18565,46741
home,3011,6404
metro,29,8
train,303,99
bus,196,70
taxi,20,35
motorcycle,101,59
carDriver,10502,9037
carPassenger,721,516
bicycle,606,368
foot,2478,2004
other,70,184
noWork,9015,22266
home,5114,7609
metro,24,12
train,254,89
bus,407,175
taxi,40,45
motorcycle,171,93
carDriver,14442,13642
carPassenger,1296,843
bicycle,764,543
foot,2834,2630
other,158,281
noWork,12077,28746
home,7987,39039
metro,2205,2028
train,1953,1277
bus,11786,8417
taxi,1154,1839
motorcycle,612,383
carDriver,57767,52459
carPassenger,6601,5037
bicycle,2491,2750
foot,13850,13107
other,498,1269
noWork,66213,142317
home,7840,26347
metro,1607,1401
train,3573,2593
bus,17905,11938
taxi,719,2306
motorcycle,826,523
carDriver,73872,74590
carPassenger,8850,8791
bicycle,1996,1704
foot,10936,9223
other,506,1656
noWork,90878,200760
home,6450,8837
metro,35,23
train,549,266
bus,2090,1299
taxi,222,213
motorcycle,367,264
carDriver,24373,23934
carPassenger,3098,2449
bicycle,1079,904
foot,9706,7736
other,390,624
noWork,31034,62186
home,7155,13532
metro,35,30
train,394,204
bus,772,1483
taxi,98,123
motorcycle,549,374
carDriver,34835,33463
carPassenger,2897,2554
bicycle,2469,1978
foot,5116,4870
other,220,538
noWork,28363,66196
home,10137,34750
metro,512,176
train,8871,3911
bus,8404,4966
taxi,1530,1702
motorcycle,599,419
carDriver,69071,59614
carPassenger,7262,6145
bicycle,3176,2626
foot,11561,8920
other,796,1367
noWork,76278,154635
home,5133,14331
metro,28,8
train,1104,342
bus,1318,596
taxi,62,72
motorcycle,305,190
carDriver,28833,25137
carPassenger,2267,1661
bicycle,1032,764
foot,3060,2687
other,144,338
noWork,18545,45864
home,7654,23775
metro,238,161
train,10847,3063
bus,854,441
taxi,192,140
motorcycle,537,303
carDriver,29400,23224
carPassenger,1956,1522
bicycle,451,289
foot,3638,2959
other,248,506
noWork,26083,64130
home,18553,69654
metro,8186,2698
train,3956,1747
bus,34061,17868
taxi,1147,2850
motorcycle,1348,615
carDriver,128899,109419
carPassenger,13464,10550
bicycle,4267,3530
foot,29288,20612
other,1149,2464
noWork,166686,314514
home,22808,41525
metro,157,35
train,1681,762
bus,2888,1110
taxi,541,731
motorcycle,893,428
carDriver,92220,83469
carPassenger,7598,6421
bicycle,4310,2926
foot,16951,13662
other,701,1353
noWork,73144,171183
home,4977,19976
metro,705,587
train,4529,2323
bus,4907,3147
taxi,432,928
motorcycle,428,330
carDriver,39226,34407
carPassenger,4031,3784
bicycle,1566,1529
foot,6169,5677
other,330,1011
noWork,33158,84799
home,9989,35366
metro,165,69
train,5116,1563
bus,7836,3673
taxi,321,618
motorcycle,484,243
carDriver,62325,47002
carPassenger,4516,3509
bicycle,1341,1000
foot,5516,4128
other,332,768
noWork,50419,118301
home,5211,19392
metro,617,25
train,2643,229
bus,509,1019
taxi,97,181
motorcycle,244,456
carDriver,20402,37421
carPassenger,1247,2809
bicycle,426,2563
foot,1584,8483
other,137,715
noWork,14685,84151
home,10476,36046
metro,118,64
train,2742,685
bus,3395,1604
taxi,113,172
motorcycle,774,430
carDriver,47888,33507
carPassenger,3039,2057
bicycle,6026,3997
foot,4297,3131
other,271,573
noWork,28640,79852
home,5083,14903
metro,34,25
train,367,127
bus,1313,685
taxi,163,312
motorcycle,478,275
carDriver,34283,32062
carPassenger,2447,2064
bicycle,754,485
foot,2798,2555
other,166,411
noWork,21564,53302
home,12787,52349
metro,95,40
train,1621,438
bus,6645,4442
taxi,212,276
motorcycle,1874,968
carDriver,90569,71696
carPassenger,6809,4890
bicycle,5284,3060
foot,10187,8371
other,448,1080
noWork,55937,142812
home,7824,13451
metro,65,28
train,516,137
bus,873,491
taxi,70,59
motorcycle,441,299
carDriver,22988,20416
carPassenger,1682,1183
bicycle,506,412
foot,4632,3601
other,402,510
noWork,20618,48043
home,4954,7959
metro,31,25
train,364,138
bus,621,286
taxi,68,116
motorcycle,242,198
carDriver,27726,28900
carPassenger,2714,2723
bicycle,1711,1484
foot,2899,2997
other,160,410
noWork,22430,49888
home,7971,19428
metro,73,32
train,1223,416
bus,1383,567
taxi,254,216
motorcycle,430,258
carDriver,42163,36422
carPassenger,3602,2605
bicycle,1878,1259
foot,7297,6419
other,258,572
noWork,30787,75210
home,9125,13692
metro,34,18
train,696,291
bus,933,462
taxi,171,173
motorcycle,268,179
carDriver,28423,25555
carPassenger,2558,1772
bicycle,1361,963
foot,7843,6460
other,260,574
noWork,24159,54313
home,7820,21339
metro,75,32
train,755,223
bus,2630,1037
taxi,133,108
motorcycle,635,329
carDriver,40050,37209
carPassenger,2743,2046
bicycle,1852,1322
foot,3299,3404
other,341,699
noWork,29004,74199
home,10398,32709
metro,166,73
train,3293,897
bus,2130,1168
taxi,90,81
motorcycle,545,289
carDriver,41461,31562
carPassenger,2689,2097
bicycle,2492,1637
foot,6573,5393
other,250,568
noWork,26805,72609
home,4691,15731
metro,32,15
train,797,305
bus,2697,1087
taxi,143,200
motorcycle,467,210
carDriver,38169,30627
carPassenger,3165,2245
bicycle,1587,971
foot,3838,2904
other,175,416
noWork,24697,56324
home,10536,20337
metro,111,38
train,451,145
bus,1067,379
taxi,135,143
motorcycle,760,448
carDriver,48980,45716
carPassenger,4160,3288
bicycle,2203,1341
foot,10034,8412
other,334,684
noWork,37019,91740
home,5996,14069
metro,110,54
train,1259,504
bus,1686,622
taxi,99,171
motorcycle,334,170
carDriver,37970,30339
carPassenger,2637,1881
bicycle,552,364
foot,2507,2088
other,178,437
noWork,27390,59773
home,3875,14779
metro,5681,2230
train,1090,585
bus,6194,3360
taxi,303,299
motorcycle,341,212
carDriver,35011,31575
carPassenger,3774,2883
bicycle,1396,1123
foot,5749,4273
other,1208,1189
noWork,44359,85268
home,7767,30282
metro,118,84
train,3122,1430
bus,10250,7835
taxi,475,861
motorcycle,1186,787
carDriver,58619,51655
carPassenger,7383,5945
bicycle,5138,3605
foot,17826,14255
other,724,1493
noWork,67593,130694
home,7434,27823
metro,314,242
train,12445,4523
bus,4254,2601
taxi,377,390
motorcycle,598,378
carDriver,38900,33110
carPassenger,3761,2865
bicycle,2260,1766
foot,10629,8570
other,367,991
noWork,43668,97427
home,12303,80842
metro,29077,14000
train,18534,7054
bus,37956,23288
taxi,594,791
motorcycle,1671,1132
carDriver,17057,14701
carPassenger,1131,882
bicycle,10450,9537
foot,17426,12998
other,1189,1723
noWork,77163,140689
home,4808,18497
metro,625,470
train,3871,1477
bus,2545,1826
taxi,111,144
motorcycle,699,416
carDriver,31434,23540
carPassenger,1787,1335
bicycle,1312,971
foot,2791,2323
other,178,543
noWork,19755,51417
home,9221,38594
metro,632,243
train,13052,2464
bus,1682,732
taxi,167,221
motorcycle,438,189
carDriver,37230,23272
carPassenger,2118,1478
bicycle,1185,764
foot,5422,4371
other,231,543
noWork,28485,75296
home,5347,18973
metro,33,29
train,2355,951
bus,4862,2931
taxi,621,914
motorcycle,491,289
carDriver,51899,47168
carPassenger,5352,4802
bicycle,1092,966
foot,6231,4823
other,297,776
noWork,51004,100625
home,7722,19775
metro,39,26
train,1231,478
bus,1758,678
taxi,208,252
motorcycle,445,264
carDriver,41289,35046
carPassenger,3255,2612
bicycle,1751,1300
foot,6571,4851
other,225,484
noWork,32803,71101
home,5919,10949
metro,26,13
train,317,97
bus,1128,410
taxi,30,131
motorcycle,253,151
carDriver,32815,27416
carPassenger,2631,1995
bicycle,456,315
foot,3855,3141
other,161,415
noWork,24494,50810
home,3184,12876
metro,101,105
train,2919,1421
bus,2455,1219
taxi,157,365
motorcycle,353,199
carDriver,25980,22141
carPassenger,2615,2220
bicycle,1038,894
foot,3768,3594
other,168,426
noWork,18250,44035
home,13362,50157
metro,220,289
train,6781,2142
bus,10988,5417
taxi,412,745
motorcycle,754,366
carDriver,84858,64214
carPassenger,5839,4588
bicycle,2756,2303
foot,10637,8377
other,523,1210
noWork,68180,154967
home,6376,18809
metro,97,45
train,1115,526
bus,5023,2256
taxi,593,1319
motorcycle,410,195
carDriver,57793,50924
carPassenger,6014,4392
bicycle,1693,1260
foot,7101,5439
other,907,1278
noWork,53532,110152
home,6933,17161
metro,31,33
train,753,452
bus,8467,3679
taxi,1327,3933
motorcycle,872,561
carDriver,67766,65636
carPassenger,9190,8760
bicycle,1574,1620
foot,10739,9618
other,457,1127
noWork,74699,145789
home,10191,26151
metro,102,34
train,1031,251
bus,1057,371
taxi,92,98
motorcycle,358,200
carDriver,38528,31378
carPassenger,2682,1932
bicycle,1260,809
foot,5272,4521
other,192,491
noWork,26963,68489
home,8194,20942
metro,74,25
train,749,176
bus,1212,664
taxi,72,66
motorcycle,487,290
carDriver,37822,30820
carPassenger,2843,1960
bicycle,1197,860
foot,4491,3657
other,201,459
noWork,24613,61185
home,7705,27418
metro,2762,1066
train,894,520
bus,15151,7848
taxi,740,888
motorcycle,520,305
carDriver,70607,60684
carPassenger,9356,6697
bicycle,1588,1499
foot,11310,8803
other,878,1423
noWork,84041,157021
home,6184,18509
metro,95,35
train,2580,681
bus,823,521
taxi,61,92
motorcycle,322,190
carDriver,29522,20502
carPassenger,1637,1308
bicycle,764,484
foot,2691,2634
other,289,407
noWork,17597,45090
home,8738,38024
metro,5201,3815
train,17391,6442
bus,8926,6899
taxi,468,436
motorcycle,1399,952
carDriver,43228,36070
carPassenger,2726,2412
bicycle,2019,1561
foot,7184,6484
other,378,1129
noWork,41052,105415
home,6447,17587
metro,96,73
train,4202,2200
bus,1227,477
taxi,227,214
motorcycle,567,387
carDriver,38697,37930
carPassenger,3365,2990
bicycle,1351,935
foot,6365,5725
other,266,684
noWork,35797,82474
home,8228,25495
metro,100,53
train,883,440
bus,5791,2859
taxi,636,812
motorcycle,610,334
carDriver,66912,56355
carPassenger,7585,5259
bicycle,1485,1101
foot,9997,6984
other,566,919
noWork,74178,137877
home,8849,36022
metro,84,64
train,1359,514
bus,9164,6612
taxi,472,830
motorcycle,1163,559
carDriver,66389,55279
carPassenger,6613,6049
bicycle,4592,3289
foot,10395,7517
other,419,1131
noWork,44581,115544
home,7651,25970
metro,173,895
train,3470,1326
bus,11143,5818
taxi,543,1013
motorcycle,675,336
carDriver,61044,55422
carPassenger,5893,4889
bicycle,1401,1199
foot,9519,7739
other,380,1047
noWork,59567,125417
home,2789,8238
metro,14,10
train,798,337
bus,1412,794
taxi,209,253
motorcycle,263,179
carDriver,26053,22401
carPassenger,2705,2382
bicycle,826,739
foot,3074,2533
other,138,293
noWork,18552,40489
home,6448,18441
metro,188,113
train,7310,1949
bus,972,610
taxi,109,104
motorcycle,349,191
carDriver,22492,17606
carPassenger,1304,1063
bicycle,321,192
foot,2148,1920
other,172,385
noWork,17644,45299
home,8611,17497
metro,51,22
train,1276,612
bus,1570,1059
taxi,111,121
motorcycle,627,432
carDriver,36612,33785
carPassenger,2976,2228
bicycle,952,779
foot,5929,5013
other,247,590
noWork,30509,72666
home,6331,20430
metro,60,41
train,1047,525
bus,3113,1134
taxi,849,2347
motorcycle,556,364
carDriver,52405,48046
carPassenger,6198,5392
bicycle,1644,1297
foot,5840,5159
other,329,762
noWork,43907,100044
home,6231,13322
metro,104,77
train,2726,1090
bus,1250,642
taxi,284,288
motorcycle,416,309
carDriver,33483,33570
carPassenger,2915,2432
bicycle,1683,1018
foot,5483,4895
other,282,638
noWork,42193,90008
home,7402,23856
metro,70,33
train,1857,510
bus,1332,570
taxi,233,247
motorcycle,442,256
carDriver,37902,31784
carPassenger,3054,2418
bicycle,1669,1102
foot,5331,4528
other,319,562
noWork,25041,64631
home,5205,15532
metro,33,21
train,261,79
bus,1860,1034
taxi,29,43
motorcycle,452,206
carDriver,26859,24174
carPassenger,1859,1520
bicycle,1778,1088
foot,3068,2489
other,140,336
noWork,18141,48360
home,5793,14408
metro,100,72
train,2092,1448
bus,3435,2076
taxi,344,561
motorcycle,560,362
carDriver,31182,29473
carPassenger,3698,3166
bicycle,1364,1194
foot,6377,5787
other,255,641
noWork,39252,81397
home,5416,19608
metro,4441,1698
train,2559,1101
bus,960,491
taxi,161,153
motorcycle,321,165
carDriver,25508,19817
carPassenger,1582,1170
bicycle,532,403
foot,2376,1948
other,143,395
noWork,18441,46823
home,5186,21081
metro,1337,1980
train,11715,6046
bus,2831,2602
taxi,439,555
motorcycle,784,530
carDriver,45376,43245
carPassenger,4136,3548
bicycle,1078,1016
foot,4230,4355
other,308,990
noWork,36704,90052
home,6831,23812
metro,125,78
train,7085,2200
bus,1268,603
taxi,147,123
motorcycle,511,283
carDriver,35795,30531
carPassenger,2560,1984
bicycle,830,564
foot,4638,3712
other,203,539
noWork,26442,67775
home,6853,12155
metro,31,20
train,525,340
bus,2469,1971
taxi,316,379
motorcycle,864,580
carDriver,32974,31532
carPassenger,3370,3068
bicycle,779,702
foot,8413,7442
other,318,746
noWork,37088,80389
home,2582,9051
metro,30,14
train,475,189
bus,1892,896
taxi,308,359
motorcycle,301,182
carDriver,28057,25181
carPassenger,3074,2129
bicycle,326,199
foot,3089,2184
other,127,270
noWork,25846,51621
home,5830,7776
metro,16,7
train,87,45
bus,842,604
taxi,65,68
motorcycle,260,152
carDriver,16961,16989
carPassenger,1470,1174
bicycle,365,217
foot,3348,2746
other,158,273
noWork,17108,38061
home,9046,78219
metro,45880,21452
train,7225,7111
bus,14314,9010
taxi,645,896
motorcycle,867,787
carDriver,12593,14106
carPassenger,990,985
bicycle,7785,7208
foot,20672,13900
other,856,1721
noWork,75679,154914
home,11166,45450
metro,5490,2476
train,1511,520
bus,7479,3068
taxi,560,771
motorcycle,495,230
carDriver,66954,46255
carPassenger,5030,3126
bicycle,3393,2499
foot,8338,6204
other,496,959
noWork,51894,123494
home,8021,23633
metro,117,67
train,8121,1724
bus,1296,835
taxi,156,130
motorcycle,346,192
carDriver,28420,21856
carPassenger,2200,1629
bicycle,643,506
foot,7690,4855
other,224,473
noWork,24818,59413
home,6217,18011
metro,276,125
train,3378,991
bus,573,294
taxi,112,89
motorcycle,232,127
carDriver,24826,21785
carPassenger,1426,1131
bicycle,433,319
foot,3138,2453
other,161,415
noWork,16314,45598
home,5886,20395
metro,83,38
train,3450,1363
bus,1681,925
taxi,251,222
motorcycle,328,214
carDriver,38079,30055
carPassenger,3177,2064
bicycle,998,626
foot,4701,3510
other,344,506
noWork,32838,72024
home,7808,29239
metro,100,41
train,1369,344
bus,3625,1941
taxi,90,103
motorcycle,622,344
carDriver,37672,29825
carPassenger,2604,1988
bicycle,3907,2313
foot,5157,4229
other,227,495
noWork,24296,68049
home,11373,36965
metro,116,58
train,3964,1555
bus,10513,6240
taxi,1356,2150
motorcycle,967,632
carDriver,95373,92253
carPassenger,11418,9602
bicycle,1869,1834
foot,14373,11976
other,506,1377
noWork,89169,188729
home,8150,22044
metro,396,270
train,1530,1101
bus,11286,7237
taxi,572,1532
motorcycle,680,414
carDriver,70793,68776
carPassenger,7275,6944
bicycle,1747,1415
foot,9460,7690
other,381,1111
noWork,79704,165591
home,9193,52765
metro,38962,25097
train,12074,6810
bus,13024,10142
taxi,663,762
motorcycle,1072,858
carDriver,32437,27532
carPassenger,2190,1974
bicycle,3306,4975
foot,7500,7773
other,600,1684
noWork,69957,138054
home,16635,107639
metro,48906,16503
train,34864,7948
bus,22859,13863
taxi,463,821
motorcycle,3624,1747
carDriver,23913,17724
carPassenger,1237,1041
bicycle,12804,9146
foot,12494,12338
other,783,1671
noWork,64951,137064
home,9336,32647
metro,142,51
train,2068,686
bus,4946,2056
taxi,368,764
motorcycle,677,408
carDriver,67670,52839
carPassenger,5650,4639
bicycle,2577,2552
foot,7038,5666
other,384,883
noWork,48605,107783
home,8208,32535
metro,77,47
train,2205,635
bus,2511,896
taxi,132,193
motorcycle,393,183
carDriver,42674,28640
carPassenger,3277,2140
bicycle,2171,1402
foot,7705,5567
other,255,510
noWork,33275,75705
home,4048,17899
metro,2230,1547
train,4897,1872
bus,2217,1636
taxi,195,312
motorcycle,379,258
carDriver,24369,19958
carPassenger,1725,1620
bicycle,1066,996
foot,6296,6181
other,212,582
noWork,18651,49387
home,9954,28929
metro,151,65
train,6402,1269
bus,980,450
taxi,72,73
motorcycle,404,233
carDriver,33448,23326
carPassenger,2183,1557
bicycle,876,579
foot,4439,3743
other,269,498
noWork,26439,67507
home,11746,26043
metro,144,49
train,4742,1255
bus,1383,696
taxi,139,150
motorcycle,411,253
carDriver,43864,38611
carPassenger,2986,2319
bicycle,686,530
foot,4673,3989
other,310,647
noWork,34795,85608
home,5452,21001
metro,658,399
train,5236,2056
bus,2187,1238
taxi,258,615
motorcycle,385,230
carDriver,29264,24092
carPassenger,2442,2071
bicycle,1363,1259
foot,5561,4651
other,175,538
noWork,28533,61684
home,10689,33988
metro,116,65
train,3791,918
bus,2918,1217
taxi,151,133
motorcycle,494,292
carDriver,50622,35715
carPassenger,3904,2773
bicycle,2064,1250
foot,6644,5310
other,286,651
noWork,30375,79141
home,5245,7973
metro,31,11
train,162,56
bus,556,284
taxi,83,38
motorcycle,185,126
carDriver,14580,13172
carPassenger,1103,829
bicycle,271,235
foot,2856,2353
other,169,307
noWork,13700,31712
home,5648,13497
metro,94,31
train,1678,695
bus,1451,753
taxi,571,835
motorcycle,276,141
carDriver,33181,29653
carPassenger,3102,2781
bicycle,857,731
foot,4568,3904
other,268,525
noWork,29907,63883
home,5681,10950
metro,32,16
train,289,166
bus,694,287
taxi,73,108
motorcycle,306,173
carDriver,28141,24887
carPassenger,2129,1549
bicycle,860,563
foot,3518,3063
other,245,374
noWork,23563,53017
home,7665,20629
metro,81,42
train,969,272
bus,2398,1156
taxi,85,57
motorcycle,482,263
carDriver,34837,28364
carPassenger,2525,1849
bicycle,2234,1432
foot,5038,4394
other,201,466
noWork,19648,55311
home,15542,56766
metro,35632,9768
train,4936,2080
bus,15789,7075
taxi,1513,993
motorcycle,1270,569
carDriver,9626,6703
carPassenger,810,542
bicycle,5092,3600
foot,19949,12238
other,1020,1409
noWork,64326,102494
home,10864,34432
metro,78,61
train,3274,1227
bus,8516,5514
taxi,755,1172
motorcycle,1137,597
carDriver,99323,89571
carPassenger,9757,8167
bicycle,2354,1850
foot,13301,10678
other,549,1345
noWork,86587,174716
home,32701,85967
metro,352,152
train,5865,1738
bus,6270,3845
taxi,522,468
motorcycle,1894,1103
carDriver,145883,122462
carPassenger,11356,8743
bicycle,6638,4445
foot,26680,21174
other,1055,2244
noWork,100379,257988
home,8633,26249
metro,111,61
train,3134,578
bus,1625,865
taxi,87,106
motorcycle,427,219
carDriver,33027,24217
carPassenger,2086,1628
bicycle,1103,802
foot,6744,5324
other,341,524
noWork,27177,66871
home,10898,36565
metro,335,206
train,6374,1862
bus,984,444
taxi,298,331
motorcycle,511,247
carDriver,43781,27949
carPassenger,2549,1948
bicycle,1684,1006
foot,6131,4969
other,406,774
noWork,30296,77194
home,11602,37299
metro,1355,332
train,8249,3643
bus,9929,6123
taxi,907,1290
motorcycle,1273,598
carDriver,83682,71581
carPassenger,8351,6033
bicycle,2275,1874
foot,11193,9101
other,1113,1626
noWork,90922,180696
home,5842,23570
metro,180,108
train,7922,1951
bus,1159,615
taxi,171,261
motorcycle,386,247
carDriver,28095,19735
carPassenger,1875,1563
bicycle,1339,902
foot,4181,3275
other,191,517
noWork,20381,51201
home,10842,45352
metro,153,124
train,5568,1376
bus,2652,1336
taxi,138,122
motorcycle,511,264
carDriver,52016,33381
carPassenger,2800,2121
bicycle,1943,1157
foot,4456,3578
other,298,656
noWork,30896,88035
home,7229,21002
metro,1562,1157
train,2819,1672
bus,11692,6938
taxi,690,2102
motorcycle,638,342
carDriver,60420,60083
carPassenger,6767,7188
bicycle,2170,1718
foot,9870,7890
other,427,1218
noWork,75699,152418
home,4210,13607
metro,27,26
train,891,582
bus,2235,1064
taxi,169,290
motorcycle,386,217
carDriver,29408,25742
carPassenger,2831,2510
bicycle,2087,1335
foot,7643,5833
other,214,425
noWork,23281,52243
home,5271,16767
metro,59,40
train,3149,1426
bus,1563,1053
taxi,156,217
motorcycle,479,306
carDriver,27755,23647
carPassenger,2553,2019
bicycle,2545,1763
foot,6875,5821
other,206,499
noWork,23727,57781
home,5324,11277
metro,37,14
train,496,223
bus,3361,1525
taxi,424,687
motorcycle,397,238
carDriver,42179,38061
carPassenger,5187,4361
bicycle,808,683
foot,5128,4242
other,273,496
noWork,35077,73312
home,8527,19207
metro,53,29
train,862,372
bus,902,510
taxi,102,118
motorcycle,396,214
carDriver,38727,35289
carPassenger,2940,2445
bicycle,1051,863
foot,4465,4080
other,243,534
noWork,27213,68832
home,5406,12479
metro,45,227
train,548,247
bus,1994,1128
taxi,229,191
motorcycle,404,198
carDriver,31480,26895
carPassenger,2916,1989
bicycle,1340,834
foot,3820,3038
other,376,611
noWork,29105,64111
home,5143,10559
metro,28,17
train,1149,464
bus,844,364
taxi,202,318
motorcycle,390,199
carDriver,30702,27431
carPassenger,2792,2307
bicycle,781,546
foot,4121,3254
other,187,331
noWork,25992,55818
home,9297,34159
metro,96,53
train,2406,593
bus,7039,3194
taxi,377,384
motorcycle,947,526
carDriver,45123,35183
carPassenger,4463,2826
bicycle,11106,7001
foot,17457,11480
other,410,797
noWork,51068,106623
